"comparisons","doi"
"http://orkg.org/orkg/resource/R140347","10.48366/r140347"
"http://orkg.org/orkg/resource/R140449","10.48366/r140449"
"http://orkg.org/orkg/resource/R140463","10.48366/r140463"
"http://orkg.org/orkg/resource/R140465","10.48366/r140465"
"http://orkg.org/orkg/resource/R140714","10.48366/r140714"
"http://orkg.org/orkg/resource/R140726","10.48366/r140726"
"http://orkg.org/orkg/resource/R141123","10.48366/r141123"
"http://orkg.org/orkg/resource/R141317","10.48366/r141317"
"http://orkg.org/orkg/resource/R141336","10.48366/r141336"
"http://orkg.org/orkg/resource/R141349","10.48366/r141349"
"http://orkg.org/orkg/resource/R141369","10.48366/r141369"
"http://orkg.org/orkg/resource/R141385","10.48366/r141385"
"http://orkg.org/orkg/resource/R141810","10.48366/r141810"
"http://orkg.org/orkg/resource/R141811","10.48366/r141811"
"http://orkg.org/orkg/resource/R142850","10.48366/r142850"
"http://orkg.org/orkg/resource/R143746","10.48366/r143746"
"http://orkg.org/orkg/resource/R143853","10.48366/r143853"
"http://orkg.org/orkg/resource/R143856","10.48366/r143856"
"http://orkg.org/orkg/resource/R144148","10.48366/r144148"
"http://orkg.org/orkg/resource/R144251","10.48366/r144251"
"http://orkg.org/orkg/resource/R144512","10.48366/r144512"
"http://orkg.org/orkg/resource/R145951","10.48366/r145951"
"http://orkg.org/orkg/resource/R146851","10.48366/r146851"
"http://orkg.org/orkg/resource/R147040","10.48366/r147040"
"http://orkg.org/orkg/resource/R147152","10.48366/r147152"
"http://orkg.org/orkg/resource/R147167","10.48366/r147167"
"http://orkg.org/orkg/resource/R147183","10.48366/r147183"
"http://orkg.org/orkg/resource/R147196","10.48366/r147196"
"http://orkg.org/orkg/resource/R147317","10.48366/r147317"
"http://orkg.org/orkg/resource/R147365","10.48366/r147365"
"http://orkg.org/orkg/resource/R147449","10.48366/r147449"
"http://orkg.org/orkg/resource/R147507","10.48366/r147507"
"http://orkg.org/orkg/resource/R148381","10.48366/r148381"
"http://orkg.org/orkg/resource/R148382","10.48366/r148382"
"http://orkg.org/orkg/resource/R149849","10.48366/r149849"
"http://orkg.org/orkg/resource/R150337","10.48366/r150337"
"http://orkg.org/orkg/resource/R151005","10.48366/r151005"
"http://orkg.org/orkg/resource/R152727","10.48366/r152727"
"http://orkg.org/orkg/resource/R153801","10.48366/r153801"
"http://orkg.org/orkg/resource/R155154","10.48366/r155154"
"http://orkg.org/orkg/resource/R155191","10.48366/r155191"
"http://orkg.org/orkg/resource/R155248","10.48366/r155248"
"http://orkg.org/orkg/resource/R155445","10.48366/r155445"
"http://orkg.org/orkg/resource/R155526","10.48366/r155526"
"http://orkg.org/orkg/resource/R155543","10.48366/r155543"
"http://orkg.org/orkg/resource/R155561","10.48366/r155561"
"http://orkg.org/orkg/resource/R155584","10.48366/r155584"
"http://orkg.org/orkg/resource/R155800","10.48366/r155800"
"http://orkg.org/orkg/resource/R157074","10.48366/r157074"
"http://orkg.org/orkg/resource/R157076","10.48366/r157076"
"http://orkg.org/orkg/resource/R160149","10.48366/r160149"
"http://orkg.org/orkg/resource/R160168","10.48366/r160168"
"http://orkg.org/orkg/resource/R160174","10.48366/r160174"
"http://orkg.org/orkg/resource/R160189","10.48366/r160189"
"http://orkg.org/orkg/resource/R160205","10.48366/r160205"
"http://orkg.org/orkg/resource/R160527","10.48366/r160527"
"http://orkg.org/orkg/resource/R160596","10.48366/r160596"
"http://orkg.org/orkg/resource/R160597","10.48366/r160597"
"http://orkg.org/orkg/resource/R160742","10.48366/r160742"
"http://orkg.org/orkg/resource/R160768","10.48366/r160768"
"http://orkg.org/orkg/resource/R161079","10.48366/r161079"
"http://orkg.org/orkg/resource/R161787","10.48366/r161787"
"http://orkg.org/orkg/resource/R164670","10.48366/r164670"
"http://orkg.org/orkg/resource/R165700","10.48366/r165700"
"http://orkg.org/orkg/resource/R165702","10.48366/r165702"
"http://orkg.org/orkg/resource/R165794","10.48366/r165794"
"http://orkg.org/orkg/resource/R165866","10.48366/r165866"
"http://orkg.org/orkg/resource/R166315","10.48366/r166315"
"http://orkg.org/orkg/resource/R172690","10.48366/r172690"
"http://orkg.org/orkg/resource/R178164","10.48366/r178164"
"http://orkg.org/orkg/resource/R68121","10.48366/r68121"
"http://orkg.org/orkg/resource/R68535","10.48366/r68535"
"http://orkg.org/orkg/resource/R69680","10.48366/r69680"
"http://orkg.org/orkg/resource/R73210","10.48366/r73210"
"http://orkg.org/orkg/resource/R74529","10.48366/r74529"
"http://orkg.org/orkg/resource/R74541","10.48366/r74541"
"http://orkg.org/orkg/resource/R74774","10.48366/r74774"
"http://orkg.org/orkg/resource/R75093","10.48366/r75093"
"http://orkg.org/orkg/resource/R75140","10.48366/r75140"
"http://orkg.org/orkg/resource/R75439","10.48366/r75439"
"http://orkg.org/orkg/resource/R75673","10.48366/r75673"
"http://orkg.org/orkg/resource/R75729","10.48366/r75729"
"http://orkg.org/orkg/resource/R76052","10.48366/r76052"
"http://orkg.org/orkg/resource/R76054","10.48366/r76054"
"http://orkg.org/orkg/resource/R76129","10.48366/r76129"
"http://orkg.org/orkg/resource/R76284","10.48366/r76284"
"http://orkg.org/orkg/resource/R76297","10.48366/r76297"
"http://orkg.org/orkg/resource/R76324","10.48366/r76324"
"http://orkg.org/orkg/resource/R76783","10.48366/r76783"
"http://orkg.org/orkg/resource/R76785","10.48366/r76785"
"http://orkg.org/orkg/resource/R76906","10.48366/r76906"
"http://orkg.org/orkg/resource/R78163","10.48366/r78163"
"http://orkg.org/orkg/resource/R78454","10.48366/r78454"
"http://orkg.org/orkg/resource/R287928","10.48366/r287928"
"http://orkg.org/orkg/resource/R287929","10.48366/r287929"
"http://orkg.org/orkg/resource/R385010","10.48366/r385010"
"http://orkg.org/orkg/resource/R204130","10.48366/r204130"
"http://orkg.org/orkg/resource/R204209","10.48366/r204209"
"http://orkg.org/orkg/resource/R209243","10.48366/r209243"
"http://orkg.org/orkg/resource/R209290","10.48366/r209290"
"http://orkg.org/orkg/resource/R209443","10.48366/r209443"
"http://orkg.org/orkg/resource/R209929","10.48366/r209929"
"http://orkg.org/orkg/resource/R210137","10.48366/r210137"
"http://orkg.org/orkg/resource/R210410","10.48366/r210410"
"http://orkg.org/orkg/resource/R210531","10.48366/r210531"
"http://orkg.org/orkg/resource/R211015","10.48366/r211015"
"http://orkg.org/orkg/resource/R211094","10.48366/r211094"
"http://orkg.org/orkg/resource/R211233","10.48366/r211233"
"http://orkg.org/orkg/resource/R211260","10.48366/r211260"
"http://orkg.org/orkg/resource/R211514","10.48366/r211514"
"http://orkg.org/orkg/resource/R211515","10.48366/r211515"
"http://orkg.org/orkg/resource/R211826","10.48366/r211826"
"http://orkg.org/orkg/resource/R211921","10.48366/r211921"
"http://orkg.org/orkg/resource/R211935","10.48366/r211935"
"http://orkg.org/orkg/resource/R212405","10.48366/r212405"
"http://orkg.org/orkg/resource/R212408","10.48366/r212408"
"http://orkg.org/orkg/resource/R212457","10.48366/r212457"
"http://orkg.org/orkg/resource/R212463","10.48366/r212463"
"http://orkg.org/orkg/resource/R212576","10.48366/r212576"
"http://orkg.org/orkg/resource/R212902","10.48366/r212902"
"http://orkg.org/orkg/resource/R214162","10.48366/r214162"
"http://orkg.org/orkg/resource/R214164","10.48366/r214164"
"http://orkg.org/orkg/resource/R214230","10.48366/r214230"
"http://orkg.org/orkg/resource/R214266","10.48366/r214266"
"http://orkg.org/orkg/resource/R215005","10.48366/r215005"
"http://orkg.org/orkg/resource/R215211","10.48366/r215211"
"http://orkg.org/orkg/resource/R215443","10.48366/r215443"
"http://orkg.org/orkg/resource/R215567","10.48366/r215567"
"http://orkg.org/orkg/resource/R215669","10.48366/r215669"
"http://orkg.org/orkg/resource/R215685","10.48366/r215685"
"http://orkg.org/orkg/resource/R215882","10.48366/r215882"
"http://orkg.org/orkg/resource/R216269","10.48366/r216269"
"http://orkg.org/orkg/resource/R216423","10.48366/r216423"
"http://orkg.org/orkg/resource/R217120","10.48366/r217120"
"http://orkg.org/orkg/resource/R217123","10.48366/r217123"
"http://orkg.org/orkg/resource/R217389","10.48366/r217389"
"http://orkg.org/orkg/resource/R217424","10.48366/r217424"
"http://orkg.org/orkg/resource/R217425","10.48366/r217425"
"http://orkg.org/orkg/resource/R217545","10.48366/r217545"
"http://orkg.org/orkg/resource/R217592","10.48366/r217592"
"http://orkg.org/orkg/resource/R218943","10.48366/r218943"
"http://orkg.org/orkg/resource/R218989","10.48366/r218989"
"http://orkg.org/orkg/resource/R219046","10.48366/r219046"
"http://orkg.org/orkg/resource/R219085","10.48366/r219085"
"http://orkg.org/orkg/resource/R219275","10.48366/r219275"
"http://orkg.org/orkg/resource/R219286","10.48366/r219286"
"http://orkg.org/orkg/resource/R219410","10.48366/r219410"
"http://orkg.org/orkg/resource/R219443","10.48366/r219443"
"http://orkg.org/orkg/resource/R219581","10.48366/r219581"
"http://orkg.org/orkg/resource/R219718","10.48366/r219718"
"http://orkg.org/orkg/resource/R220094","10.48366/r220094"
"http://orkg.org/orkg/resource/R220231","10.48366/r220231"
"http://orkg.org/orkg/resource/R220872","10.48366/r220872"
"http://orkg.org/orkg/resource/R220885","10.48366/r220885"
"http://orkg.org/orkg/resource/R220919","10.48366/r220919"
"http://orkg.org/orkg/resource/R220920","10.48366/r220920"
"http://orkg.org/orkg/resource/R221160","10.48366/r221160"
"http://orkg.org/orkg/resource/R221192","10.48366/r221192"
"http://orkg.org/orkg/resource/R221200","10.48366/r221200"
"http://orkg.org/orkg/resource/R221688","10.48366/r221688"
"http://orkg.org/orkg/resource/R221781","10.48366/r221781"
"http://orkg.org/orkg/resource/R221782","10.48366/r221782"
"http://orkg.org/orkg/resource/R222041","10.48366/r222041"
"http://orkg.org/orkg/resource/R222990","10.48366/r222990"
"http://orkg.org/orkg/resource/R223002","10.48366/r223002"
"http://orkg.org/orkg/resource/R224809","10.48366/r224809"
"http://orkg.org/orkg/resource/R224810","10.48366/r224810"
"http://orkg.org/orkg/resource/R225220","10.48366/r225220"
"http://orkg.org/orkg/resource/R225253","10.48366/r225253"
"http://orkg.org/orkg/resource/R225329","10.48366/r225329"
"http://orkg.org/orkg/resource/R226630","10.48366/r226630"
"http://orkg.org/orkg/resource/R226772","10.48366/r226772"
"http://orkg.org/orkg/resource/R228158","10.48366/r228158"
"http://orkg.org/orkg/resource/R228696","10.48366/r228696"
"http://orkg.org/orkg/resource/R230415","10.48366/r230415"
"http://orkg.org/orkg/resource/R234068","10.48366/r234068"
"http://orkg.org/orkg/resource/R235512","10.48366/r235512"
"http://orkg.org/orkg/resource/R235550","10.48366/r235550"
"http://orkg.org/orkg/resource/R236296","10.48366/r236296"
"http://orkg.org/orkg/resource/R239314","10.48366/r239314"
"http://orkg.org/orkg/resource/R246267","10.48366/r246267"
"http://orkg.org/orkg/resource/R248411","10.48366/r248411"
"http://orkg.org/orkg/resource/R249037","10.48366/r249037"
"http://orkg.org/orkg/resource/R250455","10.48366/r250455"
"http://orkg.org/orkg/resource/R260009","10.48366/r260009"
"http://orkg.org/orkg/resource/R260193","10.48366/r260193"
"http://orkg.org/orkg/resource/R260330","10.48366/r260330"
"http://orkg.org/orkg/resource/R261028","10.48366/r261028"
"http://orkg.org/orkg/resource/R266339","10.48366/r266339"
"http://orkg.org/orkg/resource/R266423","10.48366/r266423"
"http://orkg.org/orkg/resource/R274032","10.48366/r274032"
"http://orkg.org/orkg/resource/R275000","10.48366/r275000"
"http://orkg.org/orkg/resource/R280729","10.48366/r280729"
"http://orkg.org/orkg/resource/R281265","10.48366/r281265"
"http://orkg.org/orkg/resource/R282510","10.48366/r282510"
"http://orkg.org/orkg/resource/R282511","10.48366/r282511"
"http://orkg.org/orkg/resource/R282512","10.48366/r282512"
"http://orkg.org/orkg/resource/R284515","10.48366/r284515"
"http://orkg.org/orkg/resource/R285347","10.48366/r285347"
"http://orkg.org/orkg/resource/R36099","10.48366/r36099"
"http://orkg.org/orkg/resource/R38484","10.48366/r38484"
"http://orkg.org/orkg/resource/R44930","10.48366/r44930"
"http://orkg.org/orkg/resource/R70212","10.48366/r70212"
"http://orkg.org/orkg/resource/R8342","10.48366/r8342"
"http://orkg.org/orkg/resource/R8364","10.48366/r8364"
"http://orkg.org/orkg/resource/R107854","10.48366/r107854"
"http://orkg.org/orkg/resource/R108358","10.48366/r108358"
"http://orkg.org/orkg/resource/R108601","10.48366/r108601"
"http://orkg.org/orkg/resource/R108719","10.48366/r108719"
"http://orkg.org/orkg/resource/R109041","10.48366/r109041"
"http://orkg.org/orkg/resource/R109236","10.48366/r109236"
"http://orkg.org/orkg/resource/R109546","10.48366/r109546"
"http://orkg.org/orkg/resource/R109612","10.48366/r109612"
"http://orkg.org/orkg/resource/R109904","10.48366/r109904"
"http://orkg.org/orkg/resource/R110071","10.48366/r110071"
"http://orkg.org/orkg/resource/R110124","10.48366/r110124"
"http://orkg.org/orkg/resource/R110138","10.48366/r110138"
"http://orkg.org/orkg/resource/R110188","10.48366/r110188"
"http://orkg.org/orkg/resource/R110245","10.48366/r110245"
"http://orkg.org/orkg/resource/R110361","10.48366/r110361"
"http://orkg.org/orkg/resource/R110651","10.48366/r110651"
"http://orkg.org/orkg/resource/R110655","10.48366/r110655"
"http://orkg.org/orkg/resource/R110777","10.48366/r110777"
"http://orkg.org/orkg/resource/R110991","10.48366/r110991"
"http://orkg.org/orkg/resource/R111117","10.48366/r111117"
"http://orkg.org/orkg/resource/R111151","10.48366/r111151"
"http://orkg.org/orkg/resource/R111154","10.48366/r111154"
"http://orkg.org/orkg/resource/R112387","10.48366/r112387"
"http://orkg.org/orkg/resource/R113089","10.48366/r113089"
"http://orkg.org/orkg/resource/R114155","10.48366/r114155"
"http://orkg.org/orkg/resource/R137151","10.48366/r137151"
"http://orkg.org/orkg/resource/R137164","10.48366/r137164"
"http://orkg.org/orkg/resource/R137469","10.48366/r137469"
"http://orkg.org/orkg/resource/R138179","10.48366/r138179"
"http://orkg.org/orkg/resource/R138373","10.48366/r138373"
"http://orkg.org/orkg/resource/R138393","10.48366/r138393"
"http://orkg.org/orkg/resource/R138418","10.48366/r138418"
"http://orkg.org/orkg/resource/R138483","10.48366/r138483"
"http://orkg.org/orkg/resource/R138501","10.48366/r138501"
"http://orkg.org/orkg/resource/R138542","10.48366/r138542"
"http://orkg.org/orkg/resource/R138633","10.48366/r138633"
"http://orkg.org/orkg/resource/R139050","10.48366/r139050"
"http://orkg.org/orkg/resource/R139190","10.48366/r139190"
"http://orkg.org/orkg/resource/R139191","10.48366/r139191"
"http://orkg.org/orkg/resource/R139551","10.48366/r139551"
"http://orkg.org/orkg/resource/R139567","10.48366/r139567"
"http://orkg.org/orkg/resource/R139568","10.48366/r139568"
"http://orkg.org/orkg/resource/R139845","10.48366/r139845"
"http://orkg.org/orkg/resource/R140131","10.48366/r140131"
"http://orkg.org/orkg/resource/R140805","10.48366/r140805"
"http://orkg.org/orkg/resource/R172704","10.48366/r172704"
"http://orkg.org/orkg/resource/R172826","10.48366/r172826"
"http://orkg.org/orkg/resource/R172932","10.48366/r172932"
"http://orkg.org/orkg/resource/R175108","10.48366/r175108"
"http://orkg.org/orkg/resource/R175304","10.48366/r175304"
"http://orkg.org/orkg/resource/R176017","10.48366/r176017"
"http://orkg.org/orkg/resource/R176038","10.48366/r176038"
"http://orkg.org/orkg/resource/R178188","10.48366/r178188"
"http://orkg.org/orkg/resource/R178201","10.48366/r178201"
"http://orkg.org/orkg/resource/R178450","10.48366/r178450"
"http://orkg.org/orkg/resource/R178479","10.48366/r178479"
"http://orkg.org/orkg/resource/R186111","10.48366/r186111"
"http://orkg.org/orkg/resource/R187049","10.48366/r187049"
"http://orkg.org/orkg/resource/R139972",
"http://orkg.org/orkg/resource/R140130",
"http://orkg.org/orkg/resource/R140348",
"http://orkg.org/orkg/resource/R140414",
"http://orkg.org/orkg/resource/R140421",
"http://orkg.org/orkg/resource/R140457",
"http://orkg.org/orkg/resource/R140543",
"http://orkg.org/orkg/resource/R140768",
"http://orkg.org/orkg/resource/R141156",
"http://orkg.org/orkg/resource/R141425",
"http://orkg.org/orkg/resource/R141593",
"http://orkg.org/orkg/resource/R141627",
"http://orkg.org/orkg/resource/R141628",
"http://orkg.org/orkg/resource/R141651",
"http://orkg.org/orkg/resource/R141699",
"http://orkg.org/orkg/resource/R141723",
"http://orkg.org/orkg/resource/R141747",
"http://orkg.org/orkg/resource/R141752",
"http://orkg.org/orkg/resource/R141780",
"http://orkg.org/orkg/resource/R141781",
"http://orkg.org/orkg/resource/R141782",
"http://orkg.org/orkg/resource/R141783",
"http://orkg.org/orkg/resource/R141844",
"http://orkg.org/orkg/resource/R141845",
"http://orkg.org/orkg/resource/R141906",
"http://orkg.org/orkg/resource/R142085",
"http://orkg.org/orkg/resource/R142177",
"http://orkg.org/orkg/resource/R142178",
"http://orkg.org/orkg/resource/R142202",
"http://orkg.org/orkg/resource/R142206",
"http://orkg.org/orkg/resource/R142230",
"http://orkg.org/orkg/resource/R142299",
"http://orkg.org/orkg/resource/R142379",
"http://orkg.org/orkg/resource/R142442",
"http://orkg.org/orkg/resource/R142507",
"http://orkg.org/orkg/resource/R142822",
"http://orkg.org/orkg/resource/R142836",
"http://orkg.org/orkg/resource/R143716",
"http://orkg.org/orkg/resource/R144044",
"http://orkg.org/orkg/resource/R144095",
"http://orkg.org/orkg/resource/R144121",
"http://orkg.org/orkg/resource/R144134",
"http://orkg.org/orkg/resource/R144156",
"http://orkg.org/orkg/resource/R144364",
"http://orkg.org/orkg/resource/R144706",
"http://orkg.org/orkg/resource/R144936",
"http://orkg.org/orkg/resource/R145031",
"http://orkg.org/orkg/resource/R145556",
"http://orkg.org/orkg/resource/R145685",
"http://orkg.org/orkg/resource/R145686",
"http://orkg.org/orkg/resource/R145717",
"http://orkg.org/orkg/resource/R145737",
"http://orkg.org/orkg/resource/R145950",
"http://orkg.org/orkg/resource/R146458",
"http://orkg.org/orkg/resource/R146460",
"http://orkg.org/orkg/resource/R146870",
"http://orkg.org/orkg/resource/R146991",
"http://orkg.org/orkg/resource/R147001",
"http://orkg.org/orkg/resource/R147042",
"http://orkg.org/orkg/resource/R147636",
"http://orkg.org/orkg/resource/R147637",
"http://orkg.org/orkg/resource/R147891",
"http://orkg.org/orkg/resource/R148260",
"http://orkg.org/orkg/resource/R148316",
"http://orkg.org/orkg/resource/R148383",
"http://orkg.org/orkg/resource/R148574",
"http://orkg.org/orkg/resource/R148678",
"http://orkg.org/orkg/resource/R149206",
"http://orkg.org/orkg/resource/R149847",
"http://orkg.org/orkg/resource/R149998",
"http://orkg.org/orkg/resource/R150058",
"http://orkg.org/orkg/resource/R150570",
"http://orkg.org/orkg/resource/R151435",
"http://orkg.org/orkg/resource/R151826",
"http://orkg.org/orkg/resource/R152186",
"http://orkg.org/orkg/resource/R152282",
"http://orkg.org/orkg/resource/R153724",
"http://orkg.org/orkg/resource/R153725",
"http://orkg.org/orkg/resource/R153799",
"http://orkg.org/orkg/resource/R153815",
"http://orkg.org/orkg/resource/R154287",
"http://orkg.org/orkg/resource/R154289",
"http://orkg.org/orkg/resource/R155101",
"http://orkg.org/orkg/resource/R155266",
"http://orkg.org/orkg/resource/R155272",
"http://orkg.org/orkg/resource/R155341",
"http://orkg.org/orkg/resource/R155504",
"http://orkg.org/orkg/resource/R155621",
"http://orkg.org/orkg/resource/R155671",
"http://orkg.org/orkg/resource/R155798",
"http://orkg.org/orkg/resource/R155804",
"http://orkg.org/orkg/resource/R155836",
"http://orkg.org/orkg/resource/R156112",
"http://orkg.org/orkg/resource/R156301",
"http://orkg.org/orkg/resource/R156303",
"http://orkg.org/orkg/resource/R157326",
"http://orkg.org/orkg/resource/R159000",
"http://orkg.org/orkg/resource/R159490",
"http://orkg.org/orkg/resource/R161302",
"http://orkg.org/orkg/resource/R157384",
"http://orkg.org/orkg/resource/R157531",
"http://orkg.org/orkg/resource/R159158",
"http://orkg.org/orkg/resource/R159397",
"http://orkg.org/orkg/resource/R159398",
"http://orkg.org/orkg/resource/R160694",
"http://orkg.org/orkg/resource/R160847",
"http://orkg.org/orkg/resource/R161078",
"http://orkg.org/orkg/resource/R161297",
"http://orkg.org/orkg/resource/R161414",
"http://orkg.org/orkg/resource/R161612",
"http://orkg.org/orkg/resource/R161616",
"http://orkg.org/orkg/resource/R161642",
"http://orkg.org/orkg/resource/R161728",
"http://orkg.org/orkg/resource/R161729",
"http://orkg.org/orkg/resource/R162329",
"http://orkg.org/orkg/resource/R162574",
"http://orkg.org/orkg/resource/R162575",
"http://orkg.org/orkg/resource/R162795",
"http://orkg.org/orkg/resource/R162851",
"http://orkg.org/orkg/resource/R163049",
"http://orkg.org/orkg/resource/R163145",
"http://orkg.org/orkg/resource/R163201",
"http://orkg.org/orkg/resource/R163259",
"http://orkg.org/orkg/resource/R163265",
"http://orkg.org/orkg/resource/R163742",
"http://orkg.org/orkg/resource/R163843",
"http://orkg.org/orkg/resource/R164231",
"http://orkg.org/orkg/resource/R164312",
"http://orkg.org/orkg/resource/R164335",
"http://orkg.org/orkg/resource/R165793",
"http://orkg.org/orkg/resource/R165889",
"http://orkg.org/orkg/resource/R165916",
"http://orkg.org/orkg/resource/R166240",
"http://orkg.org/orkg/resource/R166560",
"http://orkg.org/orkg/resource/R172155",
"http://orkg.org/orkg/resource/R172158",
"http://orkg.org/orkg/resource/R213443",
"http://orkg.org/orkg/resource/R68125",
"http://orkg.org/orkg/resource/R68538",
"http://orkg.org/orkg/resource/R68996",
"http://orkg.org/orkg/resource/R69027",
"http://orkg.org/orkg/resource/R70880",
"http://orkg.org/orkg/resource/R73180",
"http://orkg.org/orkg/resource/R73195",
"http://orkg.org/orkg/resource/R74112",
"http://orkg.org/orkg/resource/R74193",
"http://orkg.org/orkg/resource/R74231",
"http://orkg.org/orkg/resource/R74270",
"http://orkg.org/orkg/resource/R74278",
"http://orkg.org/orkg/resource/R74314",
"http://orkg.org/orkg/resource/R74650",
"http://orkg.org/orkg/resource/R74752",
"http://orkg.org/orkg/resource/R74941",
"http://orkg.org/orkg/resource/R74989",
"http://orkg.org/orkg/resource/R75004",
"http://orkg.org/orkg/resource/R75363",
"http://orkg.org/orkg/resource/R75638",
"http://orkg.org/orkg/resource/R75681",
"http://orkg.org/orkg/resource/R75701",
"http://orkg.org/orkg/resource/R75713",
"http://orkg.org/orkg/resource/R75783",
"http://orkg.org/orkg/resource/R75839",
"http://orkg.org/orkg/resource/R75840",
"http://orkg.org/orkg/resource/R75856",
"http://orkg.org/orkg/resource/R76163",
"http://orkg.org/orkg/resource/R76190",
"http://orkg.org/orkg/resource/R76196",
"http://orkg.org/orkg/resource/R76692",
"http://orkg.org/orkg/resource/R77161",
"http://orkg.org/orkg/resource/R77162",
"http://orkg.org/orkg/resource/R77220",
"http://orkg.org/orkg/resource/R78023",
"http://orkg.org/orkg/resource/R78049",
"http://orkg.org/orkg/resource/R78108",
"http://orkg.org/orkg/resource/R78352",
"http://orkg.org/orkg/resource/R78489",
"http://orkg.org/orkg/resource/R78492",
"http://orkg.org/orkg/resource/R78499",
"http://orkg.org/orkg/resource/R385006",
"http://orkg.org/orkg/resource/R204164",
"http://orkg.org/orkg/resource/R204284",
"http://orkg.org/orkg/resource/R205002",
"http://orkg.org/orkg/resource/R206121",
"http://orkg.org/orkg/resource/R206152",
"http://orkg.org/orkg/resource/R206161",
"http://orkg.org/orkg/resource/R206166",
"http://orkg.org/orkg/resource/R206187",
"http://orkg.org/orkg/resource/R206242",
"http://orkg.org/orkg/resource/R206258",
"http://orkg.org/orkg/resource/R206261",
"http://orkg.org/orkg/resource/R206309",
"http://orkg.org/orkg/resource/R207120",
"http://orkg.org/orkg/resource/R209150",
"http://orkg.org/orkg/resource/R209812",
"http://orkg.org/orkg/resource/R210415",
"http://orkg.org/orkg/resource/R210419",
"http://orkg.org/orkg/resource/R210420",
"http://orkg.org/orkg/resource/R210471",
"http://orkg.org/orkg/resource/R211056",
"http://orkg.org/orkg/resource/R212544",
"http://orkg.org/orkg/resource/R212903",
"http://orkg.org/orkg/resource/R212916",
"http://orkg.org/orkg/resource/R213085",
"http://orkg.org/orkg/resource/R213136",
"http://orkg.org/orkg/resource/R213302",
"http://orkg.org/orkg/resource/R213976",
"http://orkg.org/orkg/resource/R214198",
"http://orkg.org/orkg/resource/R214201",
"http://orkg.org/orkg/resource/R214208",
"http://orkg.org/orkg/resource/R214222",
"http://orkg.org/orkg/resource/R214403",
"http://orkg.org/orkg/resource/R215000",
"http://orkg.org/orkg/resource/R215008",
"http://orkg.org/orkg/resource/R215025",
"http://orkg.org/orkg/resource/R215110",
"http://orkg.org/orkg/resource/R215113",
"http://orkg.org/orkg/resource/R215149",
"http://orkg.org/orkg/resource/R215188",
"http://orkg.org/orkg/resource/R215416",
"http://orkg.org/orkg/resource/R215568",
"http://orkg.org/orkg/resource/R215579",
"http://orkg.org/orkg/resource/R215599",
"http://orkg.org/orkg/resource/R215963",
"http://orkg.org/orkg/resource/R215964",
"http://orkg.org/orkg/resource/R215965",
"http://orkg.org/orkg/resource/R216073",
"http://orkg.org/orkg/resource/R216109",
"http://orkg.org/orkg/resource/R216212",
"http://orkg.org/orkg/resource/R216313",
"http://orkg.org/orkg/resource/R216407",
"http://orkg.org/orkg/resource/R216430",
"http://orkg.org/orkg/resource/R216444",
"http://orkg.org/orkg/resource/R216492",
"http://orkg.org/orkg/resource/R216505",
"http://orkg.org/orkg/resource/R216543",
"http://orkg.org/orkg/resource/R216549",
"http://orkg.org/orkg/resource/R217000",
"http://orkg.org/orkg/resource/R217013",
"http://orkg.org/orkg/resource/R217390",
"http://orkg.org/orkg/resource/R217391",
"http://orkg.org/orkg/resource/R217400",
"http://orkg.org/orkg/resource/R217404",
"http://orkg.org/orkg/resource/R217407",
"http://orkg.org/orkg/resource/R217418",
"http://orkg.org/orkg/resource/R217421",
"http://orkg.org/orkg/resource/R217515",
"http://orkg.org/orkg/resource/R217803",
"http://orkg.org/orkg/resource/R217829",
"http://orkg.org/orkg/resource/R217830",
"http://orkg.org/orkg/resource/R218144",
"http://orkg.org/orkg/resource/R218549",
"http://orkg.org/orkg/resource/R219130",
"http://orkg.org/orkg/resource/R219757",
"http://orkg.org/orkg/resource/R220422",
"http://orkg.org/orkg/resource/R220697",
"http://orkg.org/orkg/resource/R221021",
"http://orkg.org/orkg/resource/R221096",
"http://orkg.org/orkg/resource/R221127",
"http://orkg.org/orkg/resource/R221148",
"http://orkg.org/orkg/resource/R221394",
"http://orkg.org/orkg/resource/R221396",
"http://orkg.org/orkg/resource/R221864",
"http://orkg.org/orkg/resource/R222164",
"http://orkg.org/orkg/resource/R222590",
"http://orkg.org/orkg/resource/R222684",
"http://orkg.org/orkg/resource/R222705",
"http://orkg.org/orkg/resource/R222737",
"http://orkg.org/orkg/resource/R222814",
"http://orkg.org/orkg/resource/R222954",
"http://orkg.org/orkg/resource/R222998",
"http://orkg.org/orkg/resource/R222999",
"http://orkg.org/orkg/resource/R223001",
"http://orkg.org/orkg/resource/R223132",
"http://orkg.org/orkg/resource/R223226",
"http://orkg.org/orkg/resource/R227615",
"http://orkg.org/orkg/resource/R228134",
"http://orkg.org/orkg/resource/R230114",
"http://orkg.org/orkg/resource/R232883",
"http://orkg.org/orkg/resource/R233015",
"http://orkg.org/orkg/resource/R233016",
"http://orkg.org/orkg/resource/R233481",
"http://orkg.org/orkg/resource/R235004",
"http://orkg.org/orkg/resource/R235005",
"http://orkg.org/orkg/resource/R235032",
"http://orkg.org/orkg/resource/R235228",
"http://orkg.org/orkg/resource/R235571",
"http://orkg.org/orkg/resource/R235572",
"http://orkg.org/orkg/resource/R235595",
"http://orkg.org/orkg/resource/R236148",
"http://orkg.org/orkg/resource/R236211",
"http://orkg.org/orkg/resource/R236295",
"http://orkg.org/orkg/resource/R238243",
"http://orkg.org/orkg/resource/R238494",
"http://orkg.org/orkg/resource/R239066",
"http://orkg.org/orkg/resource/R239547",
"http://orkg.org/orkg/resource/R239548",
"http://orkg.org/orkg/resource/R240000",
"http://orkg.org/orkg/resource/R243001",
"http://orkg.org/orkg/resource/R246269",
"http://orkg.org/orkg/resource/R246270",
"http://orkg.org/orkg/resource/R246271",
"http://orkg.org/orkg/resource/R250352",
"http://orkg.org/orkg/resource/R252233",
"http://orkg.org/orkg/resource/R253021",
"http://orkg.org/orkg/resource/R255284",
"http://orkg.org/orkg/resource/R255409",
"http://orkg.org/orkg/resource/R255464",
"http://orkg.org/orkg/resource/R255508",
"http://orkg.org/orkg/resource/R256241",
"http://orkg.org/orkg/resource/R256242",
"http://orkg.org/orkg/resource/R256243",
"http://orkg.org/orkg/resource/R256244",
"http://orkg.org/orkg/resource/R256245",
"http://orkg.org/orkg/resource/R256246",
"http://orkg.org/orkg/resource/R256247",
"http://orkg.org/orkg/resource/R256495",
"http://orkg.org/orkg/resource/R256496",
"http://orkg.org/orkg/resource/R257000",
"http://orkg.org/orkg/resource/R257010",
"http://orkg.org/orkg/resource/R259016",
"http://orkg.org/orkg/resource/R259037",
"http://orkg.org/orkg/resource/R259112",
"http://orkg.org/orkg/resource/R259183",
"http://orkg.org/orkg/resource/R259184",
"http://orkg.org/orkg/resource/R262070",
"http://orkg.org/orkg/resource/R262124",
"http://orkg.org/orkg/resource/R262134",
"http://orkg.org/orkg/resource/R262135",
"http://orkg.org/orkg/resource/R262141",
"http://orkg.org/orkg/resource/R262162",
"http://orkg.org/orkg/resource/R266132",
"http://orkg.org/orkg/resource/R266140",
"http://orkg.org/orkg/resource/R266146",
"http://orkg.org/orkg/resource/R266168",
"http://orkg.org/orkg/resource/R266239",
"http://orkg.org/orkg/resource/R266420",
"http://orkg.org/orkg/resource/R267006",
"http://orkg.org/orkg/resource/R267015",
"http://orkg.org/orkg/resource/R267019",
"http://orkg.org/orkg/resource/R267027",
"http://orkg.org/orkg/resource/R267031",
"http://orkg.org/orkg/resource/R267046",
"http://orkg.org/orkg/resource/R269002",
"http://orkg.org/orkg/resource/R269003",
"http://orkg.org/orkg/resource/R269004",
"http://orkg.org/orkg/resource/R272018",
"http://orkg.org/orkg/resource/R272021",
"http://orkg.org/orkg/resource/R272032",
"http://orkg.org/orkg/resource/R272033",
"http://orkg.org/orkg/resource/R272034",
"http://orkg.org/orkg/resource/R272035",
"http://orkg.org/orkg/resource/R272039",
"http://orkg.org/orkg/resource/R272044",
"http://orkg.org/orkg/resource/R272059",
"http://orkg.org/orkg/resource/R272076",
"http://orkg.org/orkg/resource/R272077",
"http://orkg.org/orkg/resource/R272078",
"http://orkg.org/orkg/resource/R272079",
"http://orkg.org/orkg/resource/R273018",
"http://orkg.org/orkg/resource/R274031",
"http://orkg.org/orkg/resource/R277103",
"http://orkg.org/orkg/resource/R280105",
"http://orkg.org/orkg/resource/R280106",
"http://orkg.org/orkg/resource/R280270",
"http://orkg.org/orkg/resource/R281261",
"http://orkg.org/orkg/resource/R285888",
"http://orkg.org/orkg/resource/R12249",
"http://orkg.org/orkg/resource/R12250",
"http://orkg.org/orkg/resource/R12251",
"http://orkg.org/orkg/resource/R12317",
"http://orkg.org/orkg/resource/R25093",
"http://orkg.org/orkg/resource/R25115",
"http://orkg.org/orkg/resource/R25160",
"http://orkg.org/orkg/resource/R25201",
"http://orkg.org/orkg/resource/R25223",
"http://orkg.org/orkg/resource/R25255",
"http://orkg.org/orkg/resource/R25358",
"http://orkg.org/orkg/resource/R25400",
"http://orkg.org/orkg/resource/R25447",
"http://orkg.org/orkg/resource/R25495",
"http://orkg.org/orkg/resource/R25529",
"http://orkg.org/orkg/resource/R25583",
"http://orkg.org/orkg/resource/R25629",
"http://orkg.org/orkg/resource/R25663",
"http://orkg.org/orkg/resource/R25694",
"http://orkg.org/orkg/resource/R25726",
"http://orkg.org/orkg/resource/R25762",
"http://orkg.org/orkg/resource/R25768",
"http://orkg.org/orkg/resource/R25857",
"http://orkg.org/orkg/resource/R25900",
"http://orkg.org/orkg/resource/R25920",
"http://orkg.org/orkg/resource/R25931",
"http://orkg.org/orkg/resource/R25948",
"http://orkg.org/orkg/resource/R25961",
"http://orkg.org/orkg/resource/R25999",
"http://orkg.org/orkg/resource/R26017",
"http://orkg.org/orkg/resource/R26063",
"http://orkg.org/orkg/resource/R26083",
"http://orkg.org/orkg/resource/R26107",
"http://orkg.org/orkg/resource/R26127",
"http://orkg.org/orkg/resource/R26146",
"http://orkg.org/orkg/resource/R26194",
"http://orkg.org/orkg/resource/R26262",
"http://orkg.org/orkg/resource/R26352",
"http://orkg.org/orkg/resource/R26377",
"http://orkg.org/orkg/resource/R26421",
"http://orkg.org/orkg/resource/R26550",
"http://orkg.org/orkg/resource/R26608",
"http://orkg.org/orkg/resource/R26654",
"http://orkg.org/orkg/resource/R26729",
"http://orkg.org/orkg/resource/R26775",
"http://orkg.org/orkg/resource/R26850",
"http://orkg.org/orkg/resource/R26881",
"http://orkg.org/orkg/resource/R26918",
"http://orkg.org/orkg/resource/R26927",
"http://orkg.org/orkg/resource/R26982",
"http://orkg.org/orkg/resource/R27039",
"http://orkg.org/orkg/resource/R27061",
"http://orkg.org/orkg/resource/R27089",
"http://orkg.org/orkg/resource/R27123",
"http://orkg.org/orkg/resource/R27235",
"http://orkg.org/orkg/resource/R27264",
"http://orkg.org/orkg/resource/R27278",
"http://orkg.org/orkg/resource/R27380",
"http://orkg.org/orkg/resource/R27388",
"http://orkg.org/orkg/resource/R27393",
"http://orkg.org/orkg/resource/R27400",
"http://orkg.org/orkg/resource/R27461",
"http://orkg.org/orkg/resource/R27482",
"http://orkg.org/orkg/resource/R27620",
"http://orkg.org/orkg/resource/R27705",
"http://orkg.org/orkg/resource/R27714",
"http://orkg.org/orkg/resource/R27723",
"http://orkg.org/orkg/resource/R27835",
"http://orkg.org/orkg/resource/R28099",
"http://orkg.org/orkg/resource/R28140",
"http://orkg.org/orkg/resource/R28191",
"http://orkg.org/orkg/resource/R28235",
"http://orkg.org/orkg/resource/R28333",
"http://orkg.org/orkg/resource/R28369",
"http://orkg.org/orkg/resource/R28407",
"http://orkg.org/orkg/resource/R28446",
"http://orkg.org/orkg/resource/R28487",
"http://orkg.org/orkg/resource/R28519",
"http://orkg.org/orkg/resource/R28614",
"http://orkg.org/orkg/resource/R28889",
"http://orkg.org/orkg/resource/R28897",
"http://orkg.org/orkg/resource/R28903",
"http://orkg.org/orkg/resource/R28940",
"http://orkg.org/orkg/resource/R28967",
"http://orkg.org/orkg/resource/R28981",
"http://orkg.org/orkg/resource/R29012",
"http://orkg.org/orkg/resource/R29034",
"http://orkg.org/orkg/resource/R29080",
"http://orkg.org/orkg/resource/R29108",
"http://orkg.org/orkg/resource/R29153",
"http://orkg.org/orkg/resource/R29184",
"http://orkg.org/orkg/resource/R29240",
"http://orkg.org/orkg/resource/R29275",
"http://orkg.org/orkg/resource/R29287",
"http://orkg.org/orkg/resource/R29351",
"http://orkg.org/orkg/resource/R29361",
"http://orkg.org/orkg/resource/R30476",
"http://orkg.org/orkg/resource/R30512",
"http://orkg.org/orkg/resource/R30536",
"http://orkg.org/orkg/resource/R30547",
"http://orkg.org/orkg/resource/R30579",
"http://orkg.org/orkg/resource/R30646",
"http://orkg.org/orkg/resource/R30698",
"http://orkg.org/orkg/resource/R30739",
"http://orkg.org/orkg/resource/R30817",
"http://orkg.org/orkg/resource/R30914",
"http://orkg.org/orkg/resource/R30950",
"http://orkg.org/orkg/resource/R31077",
"http://orkg.org/orkg/resource/R31090",
"http://orkg.org/orkg/resource/R31099",
"http://orkg.org/orkg/resource/R31160",
"http://orkg.org/orkg/resource/R31174",
"http://orkg.org/orkg/resource/R31214",
"http://orkg.org/orkg/resource/R31233",
"http://orkg.org/orkg/resource/R31249",
"http://orkg.org/orkg/resource/R31281",
"http://orkg.org/orkg/resource/R31299",
"http://orkg.org/orkg/resource/R31669",
"http://orkg.org/orkg/resource/R31689",
"http://orkg.org/orkg/resource/R31725",
"http://orkg.org/orkg/resource/R31768",
"http://orkg.org/orkg/resource/R31809",
"http://orkg.org/orkg/resource/R31878",
"http://orkg.org/orkg/resource/R31903",
"http://orkg.org/orkg/resource/R31928",
"http://orkg.org/orkg/resource/R31954",
"http://orkg.org/orkg/resource/R31991",
"http://orkg.org/orkg/resource/R32025",
"http://orkg.org/orkg/resource/R32061",
"http://orkg.org/orkg/resource/R32189",
"http://orkg.org/orkg/resource/R32424",
"http://orkg.org/orkg/resource/R32541",
"http://orkg.org/orkg/resource/R32871",
"http://orkg.org/orkg/resource/R32914",
"http://orkg.org/orkg/resource/R32940",
"http://orkg.org/orkg/resource/R32959",
"http://orkg.org/orkg/resource/R33008",
"http://orkg.org/orkg/resource/R33091",
"http://orkg.org/orkg/resource/R33581",
"http://orkg.org/orkg/resource/R33593",
"http://orkg.org/orkg/resource/R33610",
"http://orkg.org/orkg/resource/R33633",
"http://orkg.org/orkg/resource/R33783",
"http://orkg.org/orkg/resource/R33851",
"http://orkg.org/orkg/resource/R33953",
"http://orkg.org/orkg/resource/R33971",
"http://orkg.org/orkg/resource/R34099",
"http://orkg.org/orkg/resource/R34126",
"http://orkg.org/orkg/resource/R34183",
"http://orkg.org/orkg/resource/R34251",
"http://orkg.org/orkg/resource/R34282",
"http://orkg.org/orkg/resource/R34316",
"http://orkg.org/orkg/resource/R34411",
"http://orkg.org/orkg/resource/R34430",
"http://orkg.org/orkg/resource/R34454",
"http://orkg.org/orkg/resource/R34475",
"http://orkg.org/orkg/resource/R34493",
"http://orkg.org/orkg/resource/R34605",
"http://orkg.org/orkg/resource/R34621",
"http://orkg.org/orkg/resource/R34663",
"http://orkg.org/orkg/resource/R34706",
"http://orkg.org/orkg/resource/R34757",
"http://orkg.org/orkg/resource/R34845",
"http://orkg.org/orkg/resource/R36153",
"http://orkg.org/orkg/resource/R38012",
"http://orkg.org/orkg/resource/R38481",
"http://orkg.org/orkg/resource/R38693",
"http://orkg.org/orkg/resource/R39082",
"http://orkg.org/orkg/resource/R41148",
"http://orkg.org/orkg/resource/R41466",
"http://orkg.org/orkg/resource/R43037",
"http://orkg.org/orkg/resource/R44668",
"http://orkg.org/orkg/resource/R44675",
"http://orkg.org/orkg/resource/R44978",
"http://orkg.org/orkg/resource/R44979",
"http://orkg.org/orkg/resource/R44980",
"http://orkg.org/orkg/resource/R46295",
"http://orkg.org/orkg/resource/R46296",
"http://orkg.org/orkg/resource/R46297",
"http://orkg.org/orkg/resource/R46298",
"http://orkg.org/orkg/resource/R46299",
"http://orkg.org/orkg/resource/R46464",
"http://orkg.org/orkg/resource/R48103",
"http://orkg.org/orkg/resource/R48392",
"http://orkg.org/orkg/resource/R48401",
"http://orkg.org/orkg/resource/R48402",
"http://orkg.org/orkg/resource/R48403",
"http://orkg.org/orkg/resource/R48404",
"http://orkg.org/orkg/resource/R48405",
"http://orkg.org/orkg/resource/R49137",
"http://orkg.org/orkg/resource/R49138",
"http://orkg.org/orkg/resource/R50005",
"http://orkg.org/orkg/resource/R50014",
"http://orkg.org/orkg/resource/R51220",
"http://orkg.org/orkg/resource/R52143",
"http://orkg.org/orkg/resource/R53040",
"http://orkg.org/orkg/resource/R53407",
"http://orkg.org/orkg/resource/R54244",
"http://orkg.org/orkg/resource/R54867",
"http://orkg.org/orkg/resource/R55219",
"http://orkg.org/orkg/resource/R56110",
"http://orkg.org/orkg/resource/R56945",
"http://orkg.org/orkg/resource/R57101",
"http://orkg.org/orkg/resource/R57501",
"http://orkg.org/orkg/resource/R58002",
"http://orkg.org/orkg/resource/R6187",
"http://orkg.org/orkg/resource/R6751",
"http://orkg.org/orkg/resource/R6755",
"http://orkg.org/orkg/resource/R6756",
"http://orkg.org/orkg/resource/R6757",
"http://orkg.org/orkg/resource/R68871",
"http://orkg.org/orkg/resource/R6898",
"http://orkg.org/orkg/resource/R6946",
"http://orkg.org/orkg/resource/R6947",
"http://orkg.org/orkg/resource/R6948",
"http://orkg.org/orkg/resource/R6949",
"http://orkg.org/orkg/resource/R6950",
"http://orkg.org/orkg/resource/R70287",
"http://orkg.org/orkg/resource/R70518",
"http://orkg.org/orkg/resource/R70523",
"http://orkg.org/orkg/resource/R70545",
"http://orkg.org/orkg/resource/R70584",
"http://orkg.org/orkg/resource/R70605",
"http://orkg.org/orkg/resource/R70630",
"http://orkg.org/orkg/resource/R70632",
"http://orkg.org/orkg/resource/R70633",
"http://orkg.org/orkg/resource/R70640",
"http://orkg.org/orkg/resource/R70642",
"http://orkg.org/orkg/resource/R8340",
"http://orkg.org/orkg/resource/R8341",
"http://orkg.org/orkg/resource/R8453",
"http://orkg.org/orkg/resource/R8618",
"http://orkg.org/orkg/resource/R370594",
"http://orkg.org/orkg/resource/R370623",
"http://orkg.org/orkg/resource/R569378",
"http://orkg.org/orkg/resource/R574313",
"http://orkg.org/orkg/resource/R574315",
"http://orkg.org/orkg/resource/R574316",
"http://orkg.org/orkg/resource/R107661",
"http://orkg.org/orkg/resource/R107676",
"http://orkg.org/orkg/resource/R108053",
"http://orkg.org/orkg/resource/R108232",
"http://orkg.org/orkg/resource/R108233",
"http://orkg.org/orkg/resource/R108331",
"http://orkg.org/orkg/resource/R108332",
"http://orkg.org/orkg/resource/R108888",
"http://orkg.org/orkg/resource/R108907",
"http://orkg.org/orkg/resource/R108908",
"http://orkg.org/orkg/resource/R108929",
"http://orkg.org/orkg/resource/R109324",
"http://orkg.org/orkg/resource/R109399",
"http://orkg.org/orkg/resource/R109456",
"http://orkg.org/orkg/resource/R109494",
"http://orkg.org/orkg/resource/R109525",
"http://orkg.org/orkg/resource/R109637",
"http://orkg.org/orkg/resource/R109696",
"http://orkg.org/orkg/resource/R109955",
"http://orkg.org/orkg/resource/R109998",
"http://orkg.org/orkg/resource/R110025",
"http://orkg.org/orkg/resource/R110032",
"http://orkg.org/orkg/resource/R110042",
"http://orkg.org/orkg/resource/R110262",
"http://orkg.org/orkg/resource/R110351",
"http://orkg.org/orkg/resource/R110393",
"http://orkg.org/orkg/resource/R110462",
"http://orkg.org/orkg/resource/R110479",
"http://orkg.org/orkg/resource/R110597",
"http://orkg.org/orkg/resource/R110625",
"http://orkg.org/orkg/resource/R110640",
"http://orkg.org/orkg/resource/R110652",
"http://orkg.org/orkg/resource/R110668",
"http://orkg.org/orkg/resource/R110673",
"http://orkg.org/orkg/resource/R110698",
"http://orkg.org/orkg/resource/R110779",
"http://orkg.org/orkg/resource/R110932",
"http://orkg.org/orkg/resource/R111045",
"http://orkg.org/orkg/resource/R111060",
"http://orkg.org/orkg/resource/R111092",
"http://orkg.org/orkg/resource/R111110",
"http://orkg.org/orkg/resource/R111124",
"http://orkg.org/orkg/resource/R111129",
"http://orkg.org/orkg/resource/R111130",
"http://orkg.org/orkg/resource/R111133",
"http://orkg.org/orkg/resource/R111416",
"http://orkg.org/orkg/resource/R111755",
"http://orkg.org/orkg/resource/R113168",
"http://orkg.org/orkg/resource/R113170",
"http://orkg.org/orkg/resource/R113171",
"http://orkg.org/orkg/resource/R113242",
"http://orkg.org/orkg/resource/R135275",
"http://orkg.org/orkg/resource/R135371",
"http://orkg.org/orkg/resource/R135457",
"http://orkg.org/orkg/resource/R135517",
"http://orkg.org/orkg/resource/R135606",
"http://orkg.org/orkg/resource/R135668",
"http://orkg.org/orkg/resource/R135715",
"http://orkg.org/orkg/resource/R135920",
"http://orkg.org/orkg/resource/R135992",
"http://orkg.org/orkg/resource/R136242",
"http://orkg.org/orkg/resource/R137036",
"http://orkg.org/orkg/resource/R137086",
"http://orkg.org/orkg/resource/R137472",
"http://orkg.org/orkg/resource/R137510",
"http://orkg.org/orkg/resource/R138054",
"http://orkg.org/orkg/resource/R138057",
"http://orkg.org/orkg/resource/R138127",
"http://orkg.org/orkg/resource/R138374",
"http://orkg.org/orkg/resource/R138458",
"http://orkg.org/orkg/resource/R138535",
"http://orkg.org/orkg/resource/R138536",
"http://orkg.org/orkg/resource/R138594",
"http://orkg.org/orkg/resource/R138631",
"http://orkg.org/orkg/resource/R139268",
"http://orkg.org/orkg/resource/R139295",
"http://orkg.org/orkg/resource/R139357",
"http://orkg.org/orkg/resource/R139400",
"http://orkg.org/orkg/resource/R139425",
"http://orkg.org/orkg/resource/R139434",
"http://orkg.org/orkg/resource/R139456",
"http://orkg.org/orkg/resource/R139526",
"http://orkg.org/orkg/resource/R139585",
"http://orkg.org/orkg/resource/R139642",
"http://orkg.org/orkg/resource/R139713",
"http://orkg.org/orkg/resource/R139843",
"http://orkg.org/orkg/resource/R140589",
"http://orkg.org/orkg/resource/R172154",
"http://orkg.org/orkg/resource/R172156",
"http://orkg.org/orkg/resource/R172157",
"http://orkg.org/orkg/resource/R172689",
"http://orkg.org/orkg/resource/R172886",
"http://orkg.org/orkg/resource/R172927",
"http://orkg.org/orkg/resource/R175013",
"http://orkg.org/orkg/resource/R175019",
"http://orkg.org/orkg/resource/R175109",
"http://orkg.org/orkg/resource/R175409",
"http://orkg.org/orkg/resource/R175464",
"http://orkg.org/orkg/resource/R175477",
"http://orkg.org/orkg/resource/R178163",
"http://orkg.org/orkg/resource/R178176",
"http://orkg.org/orkg/resource/R178185",
"http://orkg.org/orkg/resource/R178186",
"http://orkg.org/orkg/resource/R178187",
"http://orkg.org/orkg/resource/R178462",
"http://orkg.org/orkg/resource/R182159",
"http://orkg.org/orkg/resource/R182358",
"http://orkg.org/orkg/resource/R182415",
"http://orkg.org/orkg/resource/R182434",
"http://orkg.org/orkg/resource/R184018",
"http://orkg.org/orkg/resource/R185262",
"http://orkg.org/orkg/resource/R185267",
"http://orkg.org/orkg/resource/R185268",
"http://orkg.org/orkg/resource/R185367",
"http://orkg.org/orkg/resource/R185456",
"http://orkg.org/orkg/resource/R186024",
"http://orkg.org/orkg/resource/R186047",
"http://orkg.org/orkg/resource/R186048",
"http://orkg.org/orkg/resource/R186126",
"http://orkg.org/orkg/resource/R186154",
"http://orkg.org/orkg/resource/R186157",
"http://orkg.org/orkg/resource/R186184",
"http://orkg.org/orkg/resource/R186651",
"http://orkg.org/orkg/resource/R186723",
"http://orkg.org/orkg/resource/R187060",
"http://orkg.org/orkg/resource/R187223",
"http://orkg.org/orkg/resource/R187477",
"http://orkg.org/orkg/resource/R188164",
"http://orkg.org/orkg/resource/R188971",
"http://orkg.org/orkg/resource/R188976",
"http://orkg.org/orkg/resource/R189183",
"http://orkg.org/orkg/resource/R189409",
"http://orkg.org/orkg/resource/R189475",
"http://orkg.org/orkg/resource/R193278","10.48366/r193278"
"http://orkg.org/orkg/resource/R193463","10.48366/r193463"
"http://orkg.org/orkg/resource/R201854","10.48366/r201854"
"http://orkg.org/orkg/resource/R204080","10.48366/r204080"
"http://orkg.org/orkg/resource/R288015","10.48366/r288015"
"http://orkg.org/orkg/resource/R288016","10.48366/r288016"
"http://orkg.org/orkg/resource/R288017","10.48366/r288017"
"http://orkg.org/orkg/resource/R288018","10.48366/r288018"
"http://orkg.org/orkg/resource/R288019","10.48366/r288019"
"http://orkg.org/orkg/resource/R288020","10.48366/r288020"
"http://orkg.org/orkg/resource/R288021","10.48366/r288021"
"http://orkg.org/orkg/resource/R288022","10.48366/r288022"
"http://orkg.org/orkg/resource/R288023","10.48366/r288023"
"http://orkg.org/orkg/resource/R288024","10.48366/r288024"
"http://orkg.org/orkg/resource/R288025","10.48366/r288025"
"http://orkg.org/orkg/resource/R288027","10.48366/r288027"
"http://orkg.org/orkg/resource/R288028","10.48366/r288028"
"http://orkg.org/orkg/resource/R288029","10.48366/r288029"
"http://orkg.org/orkg/resource/R288044","10.48366/r288044"
"http://orkg.org/orkg/resource/R288045","10.48366/r288045"
"http://orkg.org/orkg/resource/R288046","10.48366/r288046"
"http://orkg.org/orkg/resource/R288047","10.48366/r288047"
"http://orkg.org/orkg/resource/R288049","10.48366/r288049"
"http://orkg.org/orkg/resource/R288078","10.48366/r288078"
"http://orkg.org/orkg/resource/R576864","10.48366/r576864"
"http://orkg.org/orkg/resource/R576870","10.48366/r576870"
"http://orkg.org/orkg/resource/R576872","10.48366/r576872"
"http://orkg.org/orkg/resource/R576873","10.48366/r576873"
"http://orkg.org/orkg/resource/R576874","10.48366/r576874"
"http://orkg.org/orkg/resource/R576875","10.48366/r576875"
"http://orkg.org/orkg/resource/R576876","10.48366/r576876"
"http://orkg.org/orkg/resource/R189691",
"http://orkg.org/orkg/resource/R189831",
"http://orkg.org/orkg/resource/R190010",
"http://orkg.org/orkg/resource/R191023",
"http://orkg.org/orkg/resource/R191054",
"http://orkg.org/orkg/resource/R191407",
"http://orkg.org/orkg/resource/R191448",
"http://orkg.org/orkg/resource/R191655",
"http://orkg.org/orkg/resource/R191656",
"http://orkg.org/orkg/resource/R191657",
"http://orkg.org/orkg/resource/R191658",
"http://orkg.org/orkg/resource/R191660",
"http://orkg.org/orkg/resource/R191661",
"http://orkg.org/orkg/resource/R191878",
"http://orkg.org/orkg/resource/R191880",
"http://orkg.org/orkg/resource/R191881",
"http://orkg.org/orkg/resource/R191886",
"http://orkg.org/orkg/resource/R191975",
"http://orkg.org/orkg/resource/R191976",
"http://orkg.org/orkg/resource/R191978",
"http://orkg.org/orkg/resource/R191984",
"http://orkg.org/orkg/resource/R192251",
"http://orkg.org/orkg/resource/R192320",
"http://orkg.org/orkg/resource/R192341",
"http://orkg.org/orkg/resource/R193144",
"http://orkg.org/orkg/resource/R193217",
"http://orkg.org/orkg/resource/R193218",
"http://orkg.org/orkg/resource/R193369",
"http://orkg.org/orkg/resource/R193505",
"http://orkg.org/orkg/resource/R193544",
"http://orkg.org/orkg/resource/R193555",
"http://orkg.org/orkg/resource/R193561",
"http://orkg.org/orkg/resource/R193565",
"http://orkg.org/orkg/resource/R193618",
"http://orkg.org/orkg/resource/R193619",
"http://orkg.org/orkg/resource/R193620",
"http://orkg.org/orkg/resource/R193648",
"http://orkg.org/orkg/resource/R193661",
"http://orkg.org/orkg/resource/R193700",
"http://orkg.org/orkg/resource/R193924",
"http://orkg.org/orkg/resource/R193945",
"http://orkg.org/orkg/resource/R193988",
"http://orkg.org/orkg/resource/R194021",
"http://orkg.org/orkg/resource/R194034",
"http://orkg.org/orkg/resource/R194052",
"http://orkg.org/orkg/resource/R194053",
"http://orkg.org/orkg/resource/R194592",
"http://orkg.org/orkg/resource/R194639",
"http://orkg.org/orkg/resource/R194640",
"http://orkg.org/orkg/resource/R194697",
"http://orkg.org/orkg/resource/R194739",
"http://orkg.org/orkg/resource/R195257",
"http://orkg.org/orkg/resource/R195297",
"http://orkg.org/orkg/resource/R195622",
"http://orkg.org/orkg/resource/R196200",
"http://orkg.org/orkg/resource/R196333",
"http://orkg.org/orkg/resource/R196385",
"http://orkg.org/orkg/resource/R196453",
"http://orkg.org/orkg/resource/R196474",
"http://orkg.org/orkg/resource/R196613",
"http://orkg.org/orkg/resource/R196752",
"http://orkg.org/orkg/resource/R196790",
"http://orkg.org/orkg/resource/R196827",
"http://orkg.org/orkg/resource/R196829",
"http://orkg.org/orkg/resource/R196830",
"http://orkg.org/orkg/resource/R196835",
"http://orkg.org/orkg/resource/R196965",
"http://orkg.org/orkg/resource/R196981",
"http://orkg.org/orkg/resource/R196986",
"http://orkg.org/orkg/resource/R197016",
"http://orkg.org/orkg/resource/R197056",
"http://orkg.org/orkg/resource/R197060",
"http://orkg.org/orkg/resource/R197163",
"http://orkg.org/orkg/resource/R197200",
"http://orkg.org/orkg/resource/R197259",
"http://orkg.org/orkg/resource/R197279",
"http://orkg.org/orkg/resource/R197287",
"http://orkg.org/orkg/resource/R197295",
"http://orkg.org/orkg/resource/R197318",
"http://orkg.org/orkg/resource/R197344",
"http://orkg.org/orkg/resource/R197346",
"http://orkg.org/orkg/resource/R197351",
"http://orkg.org/orkg/resource/R197375",
"http://orkg.org/orkg/resource/R197656",
"http://orkg.org/orkg/resource/R197718",
"http://orkg.org/orkg/resource/R197737",
"http://orkg.org/orkg/resource/R198343",
"http://orkg.org/orkg/resource/R198561",
"http://orkg.org/orkg/resource/R198562",
"http://orkg.org/orkg/resource/R199173",
"http://orkg.org/orkg/resource/R199176",
"http://orkg.org/orkg/resource/R199177",
"http://orkg.org/orkg/resource/R199178",
"http://orkg.org/orkg/resource/R199179",
"http://orkg.org/orkg/resource/R199196",
"http://orkg.org/orkg/resource/R200035",
"http://orkg.org/orkg/resource/R201251",
"http://orkg.org/orkg/resource/R201255",
"http://orkg.org/orkg/resource/R201263",
"http://orkg.org/orkg/resource/R201302",
"http://orkg.org/orkg/resource/R201340",
"http://orkg.org/orkg/resource/R201802",
"http://orkg.org/orkg/resource/R201972",
"http://orkg.org/orkg/resource/R202077",
"http://orkg.org/orkg/resource/R202117",
"http://orkg.org/orkg/resource/R202360",
"http://orkg.org/orkg/resource/R202361",
"http://orkg.org/orkg/resource/R202362",
"http://orkg.org/orkg/resource/R202363",
"http://orkg.org/orkg/resource/R202380",
"http://orkg.org/orkg/resource/R203502",
"http://orkg.org/orkg/resource/R203756",
"http://orkg.org/orkg/resource/R203814",
"http://orkg.org/orkg/resource/R203903",
"http://orkg.org/orkg/resource/R204005",
"http://orkg.org/orkg/resource/R288079",
"http://orkg.org/orkg/resource/R288672",
"http://orkg.org/orkg/resource/R288673",
